source,text,id
VentureBeat,Inching towards AGI reasoning deep research expanding AI statistical prediction structured problem solving GUEST AI evolved astonishing pace seemed like science fiction year ago undeniable reality Back 2017 firm launched AI Center Excellence AI certainly getting better predictive analytics many machi,
Wired,Mira Murati Launches Thinking Machines Lab Make AI Accessible leaving OpenAI last year Mira Murati finally ready share shes working,
Arxiv.org,Probabilistic Artificial Intelligence Artificial intelligence commonly refers science engineering artificial system carry task generally associated requiring aspect human intelligence playing game translating language driving car recent,
VentureBeat,OpenAI drop Deep Research access Plus user heating AI agent war DeepSeek Claude OpenAI expands Deep Research AI agent ChatGPT user intensifying competition DeepSeek Anthropic,
VentureBeat,OpenAI expands Deep Research access Plus user heating AI agent war DeepSeek Claude OpenAI expands Deep Research AI agent ChatGPT user intensifying competition DeepSeek Anthropic,
VentureBeat,Muse Xbox generative AI model gameplay ideation Microsoft researcher created first generative AI model Muse game ideation,
The Verge,Five prediction crypto headed 2025 Crypto exploding Momentum born potentially friendlier regulatory atmosphere met rising coin value Bitcoin doubling value last year Meanwhile powered advance underlying infrastructure crypto evolvi,
Slashdot.org,Worlds First Synthetic Biological Intelligence Runs Living Human Cells Australian company Cortical Labs launched CL1 world first commercial biological computer merges human brain cell silicon hardware form adaptable energy efficient neural network New Atlas report Known Synthetic Biologic,
Business Insider,AI creating overly compliant helper revolutionary said top scientist Hugging Face AI need question training data take counterintuitive approach top scientist Hugging Face wrote,
VentureBeat,Hugging Face co founder Thomas Wolf challenged Anthropic CEO vision AI future 130 billion industry taking notice Hugging Face co founder Thomas Wolf challenge Anthropic CEO Dario Amodeis compressed 21st century vision arguing AI system building yes men server rather revolutionary thinker needed scientific breakthrough,
9to5Mac,Neural OpenAI announces GPT 45 ChatGPT largest best model chat Welcome Neural AI move fast help keep OpenAI officially unveiled GPT 45 latest version fastest ChatGPT model GPT 45 excels number area including accuracy emotional intelligence OpenAI emphasizes GPT,
Business Insider,AIs trillion question Chinchilla live die AIs trillion debate center whether Chinchilla approach remain critical building massive AI system new method prevail,
New Scientist,Andrew Barto Richard Sutton win Turing award AI training trick Turing award often considered Nobel prize computing gone two computer scientist work reinforcement learning key technique training artificial intelligence model,
The Next Web,TNW Conference unveils agenda unleash next big thing tech nearly two decade TNW Conference launchpad next big thing tech like Slack Wise Bolt Trello made mark stage becoming global brand Visionary leader Google Meta Reddit joined,
Business Insider,Google Microsoft others racing crack open quantum computing Heres breakthrough stack Quantum computing rapidly evolving though still largely theoretical Big Tech giant want one make mainstream,
VentureBeat,Nvidia GTC 2025 feature AI brightest mind draw 25K attendee person Nvidia today announced GTC 2025 world premier AI conference return March 17 March 21 San Jose California,
The Next Web,Irish startup Equal1 unveils world first silicon based quantum computer Irish startup Equal1 unveiled world first quantum computer run hybrid quantum classical silicon chip Dubbed Bell quantum physicist John Stewart Bell computer weighs around 200kg plug regular electrical socket,
VentureBeat,Micron launch new memory chip keep AI processing Micron announced first 1y gamma DDR5 memory chip sample week say part contribution system keep AI,
The New York Review of Books,Labor Theory AI Artificial intelligence may first attempt automate discipline human labor even creator fully comprehend,
CNET,Microsoft Says Made Major Quantum Computing Breakthrough New Chip Majorana chip made new material perform high level computing task greater speed accuracy Microsoft say,
Phys.Org,AI great potential detecting wildfire study Amazon rainforest suggests type artificial intelligence mimic functioning human brain could represent powerful solution automatically detecting wildfire plummeting time needed mitigate devastating effect new study find,
Phys.Org,AI detection software isnt solution classroom cheating assessment shift Two year since release ChatGPT teacher institution still struggling assessment age artificial intelligence AI,
VentureBeat,xAI new Grok model criticized blocking source call Musk Trump top spreader misinformation backlash raise question whether public safety transparency sacrificed favor personal image control,
Blog.google,Women take center stage March sport tech music image show Google logo series small three dimensional object positioned within around letter object include seem molecule DNA strand skull flask figure suit background unif,
Oedemis.io,Simple Explanation LLMs Understanding LLMs Simple Guide Large Language Models,
Thomwolf.io,Einstein AI Model shared controversial take day event decided write longer format afraid AI wont give u compressed 21st century,
Windows Central,Bill Gates say Gen worry scary thing including keeping control AI predicting replacement human task Microsoft co founder Bill Gates highlight four scary thing next generation worried including keeping control AI,
Business Insider,wild thing quantum computing could unlock Big Tech belief breakthrough within reach Big Tech company heavily invested quantum computing development unstable technology could change medicine field,
Hacker News,insider take Yann LeCuns push current architecture Comments,
Lawfaremedia.org,AI Generated Voice Evidence Poses Dangers Court age AI listener authentication voice evidence permissive nbsp mandatory,
Windows Central,AI hype DeepSeek tumble #51 Apples App Store week dethroning ChatGPT downloaded free AI app US OpenAI CEO Sam Altman already promised obviously deliver better model DeepSeek tumbled #51 week dethroning OpenAIs ChatGPT downloaded free AI app Apples App Store United States,
Yanko Design,Women Day 2025 Accelerate Action Women Led Innovations Women Day 2025 Accelerate Action Women Led Innovations#AccelerateAction theme year celebration International Women Day 2025 must say powerfully reflects urgency,
New Atlas,Worlds first Synthetic Biological Intelligence run living human cell world first biological computer fuse human brain cell silicon hardware form fluid neural network commercially launched ushering new age AI technology CL1 Australian company Cortical Labs offer whole new,
Forbes,Expect Nvidia GTC Conference Next Week year GTC promise groundbreaking announcement industry insight future vision captivate developer researcher tech leader,
Yahoo Entertainment,Two session 2025 China look back year gain expense US Months China unveiled national development strategy five year ago Washington based magazine Diplomat ran article appraise,
Quartz India,Quantum computing useful next year IBM chief Quantum computing potential greatly accelerate breakthrough everything pharmaceutical predicting stock market behavior advance could right around corner according IBM IBM CEO Arvind KrishnaRead,
Forbes,AI Revolution Business Insights Kellogg Professor Sawhney Generative AI revolutionizing industry transforming digital marketing business operation customer engagement Lets get ready Ai driven wave,
Forbes,AI Trends Shape Tech 2025 2025 bring refinement existing tool groundbreaking new development poised major market debut,
Phys.Org,New greener software model could democratize access geospatial analysis Computer analysis geospatial data could made environmentally friendly thanks groundbreaking new software model built team scientist Scottish university,
Forbes,Human Plus AI Redefining Work Age Collaborative Intelligence AI breakthrough occur almost weekly Jim Wilson Global Managing Director Accenture reveals future belongs master human machine collaboration,
PCWorld,New Generative AI NVIDIA GeForce RTX 50 Series GPUs Help Explore Latest Cool Tech middle AI revolution new technology benefit clear figuring get started confusing faced buzzword lingo nonstop stream AI related news make difficult resolve AI,
Phys.Org,machine learning approach enhance mosquito repellent effectiveness recent study researcher Anandasankar Ray University California Riverside team employed machine learning technique combined cheminformatics predict novel mosquito repellent could greatly improve global mosquito control,
The Verge,Microsoft announces quantum computing breakthrough new Majorana chip Microsoft belief made key breakthrough quantum computing unlocking potential quantum computer solve industrial scale problem software giant spent 17 year working research project create new material architec,
Semianalysis.com,SemiAnalysis America Missing New Labor Economy Robotics SemiAnalysis hosting Nvidia Blackwell GPU Hackathon Sunday March 16th ultimate playground Blackwell PTX tech enthusiast offering hand exploration Blackwell PT,
Forbes,Intersection High Performance AI Healthcare Open Standards Artificial intelligence breakthrough redefining research business healthcare national policy,
Phys.Org,handicap asset AI approach leverage optical phenomenon produce better microscopy image Quantitative phase imaging QPI microscopy technique widely used investigate cell Even though earlier biomedical application based QPI developed acquisition speed image quality need improve guarantee widespread recep,
Phys.Org,Nigeria tech worker farmer bring AI field tap phone Dandam Nangor know exactly temperature greenhouse water crop even pH soil,
Psychology Today,Artificial Intelligence Replacing Therapist AI replacing therapist look closer,
Github.com,Local Deep Research ArXiv wiki search included Contribute LearningCircuitlocal deep research development creating account GitHub,
Forbes,AI Automation Threats Opportunities White Collar Professionals push back notion high paying role requiring advanced education immune automation,
Techdirt,Musk USAID Cuts May Hand China AI Race win global AI race asked Elon Musk supporter Trump administration probably talk deregulation getting government way maybe something GPU cluster massive power consumption,
Yanko Design,Top 10 Groundbreaking Medical Technologies Innovative Health Solutions Need Top 10 Groundbreaking Medical Technologies Innovative Health Solutions NeedIn recent year advancement technology deeper understanding biological system given rise groundbreaking medical innovation development,
Project Syndicate,AI Trust Despite humanity effort tame uncertainty remains unavoidable part daily life many place hope artificial intelligence two new book suggest instead expecting technology bring order chaos may resign ou,
Hacker News,Pivot Robotics YC W24 Hiring Roles Responsibilities Design develop robust scalable maintainable software industrial robotic system Implement motion planning trajectory optimization real time control algorithm Develop vision based automation integrating sen,
Phys.Org,Museums ton data AI could make accessible Ice core freezer dinosaur display fish jar bird box human remains ancient artifact long gone civilization people ever see museum collection filled,
Forbes,Beyond ChatGPT Toughest Challenges Path AGI Artificial General Intelligence AGI remains elusive goal even advanced AI company five major obstacle blocking path forward,
Forbes,AI Superintelligence Startup Promises New Drug Discoveries Lila Sciences promise AI superintelligence Recursion Pharmaceuticals creating AI map human biology,
TechRadar,DeepSeek coming AI Cambrian explosion Dr Goertzel world renowned computer scientist discusses recently launched DeepSeek,
Forbes,15 Mind Blowing AI Statistics Everyone Must Know AI investment skyrocketing tech giant pouring billion development 97 business leader report positive ROI AI initiative,
Forbes,Clarifying Latest AI Advancements Another invisible AI advancement improvement training large language model LLMs high cost energy expenditure,
Forbes,Smart Healthcare Merging Minds Machines synthesis natural artificial intelligence address barrier prevented many people health care long,
Phys.Org,Integrative analysis tool turn spatial RNA sequencing imager Spatial transcriptomics cutting edge technique characterizes gene expression within section tissue heart skin liver tissue snapshot provide insight spatial organization affect cellular function across spectru,
Forbes,AI Stocks Buy Ahead Stargate AI Project Discover top AI stock poised growth ahead Stargate AI project potential impact industry,
TechRadar,next AI innovation post DeepSeek world DeepSeek prof AI breakthrough possible without Silicon Valleys massive resource funding,
Forbes,GM Develops New AI Driven Quality Control Tech factory application AI next differentiator competitiveness GM looked guru Tech Center Warren Michigan develop new solution,
TechRadar,Scientists firmly AI crosshairs Google launch co scientist scheme accelerate scientific breakthrough day another similar project Google launched AI co scientist scheme accelerate scientific breakthrough using specialized agent,
Forbes,Tech Leaders 19 Leading Edge Skills Need Finding time upskilling always essential tech leader nowadays lesson need learn many,
Internet,SOC 30 Evolution SOC AI Empowering Human Talent Organizations today face relentless cyber attack high profile breach hitting headline almost daily Reflecting long journey security field clear human problem math problem simply many thr,
Drewknight.com,startup journey BYBE story starting exiting digital alcohol rebate tech startup,
Forbes,Choose Right AI Initiatives 16 Tips Company Leaders Companies must stay agile future proof AI initiative undertake avoid investing misaligned solution may quickly become obsolete,
Slashdot.org,British Broke Economy Britain birthplace Industrial Revolution suffers opposite profound energy shortage deep affordability crisis non paywalled link new report titled Foundations identifies root cause difficult build almost,
Forbes,Emerging Breakthroughs Diabetes Treatment New Era Hope promising research clinical stage cell therapy AI software update diabetes treatment management poised change like never,
Forbes,Topmost AI Topics Officially Proclaimed Driving Future AI official list topmost AI research topic released prestigious AI association AAAI list worth knowing explain topic,
Forbes,AI Dual Edge Lessons Frontlines Security Resilience future AI automation efficiency building world trust technology coexist,
Neowin,AI Explained Uncovering Reality Risks 999 Value free eBook download book lead reader comprehensive journey artificial intelligence beginning introduction foundational concept Read,
MIT Technology Review,Technology shape relationship Relationships shape technology Greetings cold winter day write letter early stage President Donald Trump second term inauguration exactly one week ago already image day become indelible symbol presidential power,
Forbes,Generative AI Next Evolution Product Design Marketing 2025 generative AI already far reaching business implication across business vertical,
Forbes,Biggest Issues Facing Today Job Market Overcome Technological skill AI expertise big data analysis cybersecurity strongly desired employer,
Forbes,Women AI Key Unlocking Billion Dollar Markets AI succeeds reflects customer Companies overlook woman development stage risk lost revenue missed market opportunity,
Forbes,AI Agent Manus Sparks Debate Ethics Security Oversight many AI sector cheer next level AI independence least one group researcher think autonomous AI agent like Manus created,
Psychology Today,Evolutionary Perspectives Women Leading Way AI evolutionary standpoint woman leadership trait viewed extension role female played throughout human animal history,
Forbes,Impact AI Infamous Doomsday Clock Countdown Doomsday Clock adjusted moving closer midnight thats bad Though AI wasnt key factor apparent AI soon loom large Heres scoop,
Forbes,Agentic Generative Predictive AI Orchestra Works Harmony different name surrounding AI let identify one actually maximize efficiency provide better service customer,
Forbes,Vision Language Models Shape Future Self Driving Cars today VLMs need time hit road pace innovation relentless,
Business Insider,Russias offensive power triangle Ukraine warning NATO Glide bomb drone ground assault key Russian offensive Ukraine NATO paying close attention,
Time,China Leaders Changing Course Matter World Changes Around Beijing biggest annual political meeting unlikely make big splash could problem,
MIT Technology Review,Download Introducing Relationships issue today edition Download weekday newsletter provides daily dose going world technology Introducing Relationships issue Relationships story people system working together Sometimes,
Forbes,DeepSeek Wake Call US Higher Education DeepSeek wake call US China building university US retreat US need similar level support STEM education,
Microsoft.com,Introducing Azure AI Foundry Labs hub latest AI research experiment Microsoft thrilled announce launch Azure AI Foundry Labs hub developer startup enterprise explore groundbreaking innovation research Microsoft post Introducing Azure AI Foundry Labs hub latest AI research,
Forbes,Chain Thought Models Navigating Path Explainable AI CoT model simple powerful way increasing accuracy sufficiently large model,
CoinDesk,New Trends Generative AI Web3 Needs Ready transformative technology evolves opportunity Web3 play significant role growing rapidly,
Forbes,AI Coalitions Powering Sustainable AI Progress Paris AI Summit launched four program driving sustainable AI progress energy monitoring environmental standard public resource access ethical governance,
Forbes,Era AI Monopoly Welcome Open Innovation message clear AI leadership longer GPUs innovate fastest,
Discover Magazine,Self Driving Cars Communicating Better Mean Safety Discover contributing future automobile also mean improving way talk,
Forbes,DeepSeek Knowledge Distillation Reshape Medicine Political business leader rethinking AI technology regulate force accelerate Medicine biggest frontier,
Morningagclips.com,Mimicking shark skin create clean cutting board Instead constantly battling prevent bacteria buildup researcher created surface stop bacteria attaching,
Live Science,AGI could arrive early 2026 scientist agree Predictions dawn AI singularity vary wildly scientist generally say come 2040 according new analysis slashing 20 year previous prediction,
TechRadar,DeepSeek kick next wave AI rush implication DeepSeek business particularly term security data privacy governance,
Forbes,NBA Executive Says Huupe Billion Dollar Disruptor AI gaming company founded Paul Anton Lyth Saeed excited NBA insider despite tension technology tradition,
,Gate Web3 Wallet AI Powered Trading Edge Trade smarter faster ahead curve AI driven insight,1902379957210251758
,Join @flow3tech Network pioneering DePIN amp AI platform earn lucrative point FLOW3 token SOL daily easiest way #FLOW3,1902379957088931933
,Chain thought verifiability vital AI agent widespread adoption e2e public provenance agentic decisio,1902379956849582115
,partnering @krainai Krain AI building infrastructure layer AI economy empowering innovator,1902379956824633550
,COMISS de RELA ES EXTERIORES de DEFESA NACIONAL est novo presidente deputado @filipebarrost Vai ser po,1902379956488769878
,#CESS #AI Powering Future AI amp AI Agents #AIAgents revolutionizing automation require scalable,1902379956375593218
,chatgpt,1902379956132573681
,AI,1902379955977404668
,,1902379955914179058
,AI amp Web3 Jobs Future Work Train AI model analyze data optimize automation huge growth area Salary,1902379955834810447
,Ai th nh ng ng ch Thu nh ng,1902379955461484902
,Check,1902379955369243029
,@EulerAI gg,1902379955344019645
,@Mittlee776 @dpfromtx @BGatesIsaPyscho image post showing Brigitte Macron boat manipulated Fact check,1902379955268292839
,danger using ChatGPT therapy Thank making u aware Especially data infraction privacy law important aware Companies government whoever get information sensitive use,1902379955062796767
,2015 AI,1902379955016888407
,AI Agents game changer crypto research Crypto move fast Narratives shift token pump time,1902379954953916893
,tre noir est quelque chose hein fait plus de 30 an que je appelle par un pr nom maintenant dis moi pourquoi,1902379954253279682
,Dia ini emang sebodoh itu kah Common sense nya bener bener ga jalan Hidupnya kebanyakan pake cara curang sampe ga sadar kal,1902379953808929080
,21 an et ai toujours pa de barbe ni moustache,1902379953661878763
,AI solution better crop stronger healthcare smarter education amp climate resilience MoU soon India AI,1902379953221497097
,ai une th orie sur ce qu il tait en train de faire mais vous allez jamais croire,1902379953120751950
,@itshizwo voc faz ele,1902379952877510663
,Market Summary gt @WearePri0r1ty LON #PR1 531 GBX181 5179 today Mkt cap 512M 19 Mar 1402 GMT Disclaimer One,1902379952831451643
,est vasion de classe la plus ussie que ai jamais vu de vie mdrrr,1902379952739103107
,Eug nio vezes eu esque quanto voc um jumento cara Eug nio KKKKKKKKK,1902379952634253633
,imagina tomar um suco de maracuj em um bado de manh com amor da sua vida num apto assim ai,1902379952458137975
,@MarynaKoshkina Ok je viens de check jaime bien lunivers et le id e mais le lira de romance toxique jai jamais support sorry,1902379952193839219
,Om Jecky Menang,1902379952160608586
,THETA @ThetaNetwork L1 blockchain decentralized infrastructure Video AI amp Entertainment use case,1902379951912833101
,@Iastwaltz esse ai ja pode tirar um foto com cara de pidao colocar msm legenda,1902379951870877954
,@Marisa312002 Cest vrai Car jai eu la queue en tant Ultimate moi,1902379951837393376
,Hillary Clinton calling government sponsored AI censorship information determines think,1902379951602450777
,future chain automation @FactoryBai redefining,1902379951409574032
,Take job description requirement job want tell ChatGPT align resume descripti,1902379951271075886
,partner chatGPT,1902379950638088375
,AI Factory model future,1902379950570709222
,AI Arms Race Debate regulated JD Vance urging US lean AI tech innovation make US,1902379950470033858
,Elon Musk dismantling federal gov tactic used company he taking page Ubers pla,1902379950361264439
,AI engine human steering wheel @VitalikButerin achieve Alignment Humans referee,1902379950252159173
,@bchartsnet Taylor em #1 meio que inquestion vel ma esse top10 ai poderia facilmente trocar posi e inclusive esse da Rihanna,1902379949874421958
,@cursorai release notification mechanism generation completes,1902379949857894733
,Inspired @Grok developer heavy gamer 15 year spent time last week building thing,1902379949593387033
,Follow #lewd content Check,1902379949270671617
,@Dantinhas tem um papo leve neh kkkk eh isso ai,1902379948687434037
,#STORM TRADER MAKE 200 300 per WEEKLY Wlcm @albegally @SmrutiC99 @iloenglish @RebeccaH37075 @janmando @Redrussianlips @RosebudAI @felpesdaousadia @sasiwimon24401 @A26688410,1902379948662263863
,AI transforming healthcare let use fight malaria right funding working young genus,1902379948452503743
,Global Community Kalantit AI global community 15000 trader developer blockchain enthusiast across 47 country united vision AI quantum computing revolutionizing finance Join u collaborate share insight shape future,1902379948398219296
,love easy use One click document translated perfectly,1902379948104675378
,100 100 HG9W50SUIY9YJ3QN #,1902379947865657478
,#cPenNetwork committed becoming revolutionary Web3 platform powered blockchain AI technology Join start mining free downloading app link Invitation code ayomitwins,1902379947714314455
,AI,1902379947609735564
,@AnusThis @Airdorf isnt AI legit cool art happens NFT thats artist chose sell piece dont know care,1902379947517202619
,@AndrewBolis AI,1902379947408179306
,tasted therapy tasted venting friend highly recommend ChatGPT,1902379947098042490
,@moonlightfaeri PRDDDRR oui exactement mais sinon jai la solution prend une grande ferme avec plein dinvalide et chacun fait quand il peut,1902379946707759395
,@jkrdoc Exciting news Aventas AI advancement Layer EVM frontend backend kick next 48 hour driving cut,1902379946653384896
,@iaseproject Logical food air amp water restraint mean fuel Higher force achieved sustained without biological concern Human mental amp physical longer issue Higher radiation level tolerated AI shut conserve energy Data auto sent Earth,1902379946514735350
,next 3d ai based project real time used business crowdfunding project make opportunity INDONES,1902379946481418310
,Regulations beneficial #AI #AEC short long term set good baseline data open public data everyone need adopt baseline creates also solid long term foundation AEC sector Jaakko Rastas Vesa Putkonen @yministerio #AIAEC2025,1902379946011488408
,Explore modular data layer decentralized gaming engine privacy preserving AI @OpenLayerHQ @ZypherNetwork @flo,1902379945902665941
,@ClownWorld Hollywood better AI everything less pedophile,1902379945877184888
,#TEAMG1 je like pa le fait qu il ai plus de triple imaginez va au cin et que de film auteur et plus de blockbuster Trop triste,1902379945600458888
,@verityfrance Il est gonfl le rothschildien de dire ai besoin de vous Il encore de choses prendre,1902379945524887965
,@DMCatenamorar Bomdia come ou tomando,1902379945382277219
,@swiatai Kling16 ale przy puerwszej pr bie wysz kiepsko bo po kn jednego papierosa nagle wyczarowa drugiego Niestety masa niedoci gni jeszcze jest tych programach Szczeg lnie nymi dodatkowymi elementami jak np papieros nie,1902379945231577348
,Dont get overjoyed AI Grok Etc etc show something negative party Individuals countri,1902379944833106112
,@EulerAI #AI #CryptoAI #Solana hi,1902379944472408571
,@futebolinfo @RogerioScarione Olha ai rafinha olha deu teu role aleat rio,1902379943797076422
,@UtilityNet Looks like AI blockchain new power couple waiting drop first album Smart Contracts amp Chill,1902379943738126576
,Ready level GWAY Mint GWAY Brain NFT unlock 5000 bonus point boost presence leaderb,1902379943444545644
,Judas vendo que barco afundando pulou forum Tua hora chegando 2026 vem Tra ra,1902379943092273502
,Dica boa pra IOS turma passem isso pra frente principalmente para pessoal da cidade grande,1902379943037743169
,tout ce que ai sur le ur ptn,1902379943004139644
,Ready level GWAY Mint GWAY Brain NFT unlock 5000 bonus point boost presence leaderb,1902379942890885446
,@abelism Kkkkkkk eu fui dando pulando pq lembrava de um trampo dele mais ou menos Chegou ltimo pensei perdido mesmo deu certo kkkkkk por mim ele nunca tinha treinado Anelka lembrava,1902379942857384143
,@BehizyTweets Imagine headline xAI Grok actually cracked JFK mystery historical event feed AI next #JFKFiles #AIForTruth,1902379942760906793
,Tem uma galerinha envergonha gal pqp ter aparencia gyaru adianta nada se vc tem mentalidade gal outra gyaru que critica subestilo yamanba foi essencial pro crescimento da sub um mico krl,1902379942341406993
,Hillary Clinton calling government sponsored AI censorship information determines think,1902379942291149207
,o caras querendo se vingar de crian como se fosse maior ofensa mundo realidade tipo sai daki mo fei,1902379942278488073
,En regardant sa trajectoire ai impression que HIMRA collabore surtout avec le rappeurs le plus influents de chaq,1902379942270107709
,RED SPOTLIGHT FactoryB AI Meets Blockchain future chain automation @FactoryBai revolutionizing bl,1902379942245007725
,AI,1902379942190661993
,75 Hours RP amp Follow @TheBFacturer @FactoryBai AD NFA DYOR,1902379942001963307
,CHUPETAXA escolheu sua luta dia Bolsonaristas oposi quanto pior melhor Nenhum compromiss,1902379941833957719
,already secured OG Pass consider final wake call OG status,1902379941678768233
,4RAn4P6ayVdvwoWCFhToZwkHNDZDdqSDfYGDKE93pump Signal MARK 15m Sm Daily Volume 1444K Market 1131K Real time data smarter decision Quick buy #MARK #PENGU,1902379941620036078
,AI ELES FALANDO QUE GRUPO ANOS 50 AGORA SE CHAMA OS ORDIN RIOS KKKKKKKKKKKKKKKKKKKKKKKKKKKKKKKKKKKKKKKKKKKKKKKKKKKK,1902379941024423982
,Ai vc abre foto menina com cabelo mais seco poss vel falando da tran de uma crian,1902379940957278299
,ai une copine qui demand pourquoi je ai pa invit samedi pour anniversaire de Keke je voulais pa lui dire que est pcq quand invite elle vient pa mais que mercredi donc aujourd hui est le vrai jour et que je attends 14h il est 16h21 ai aucune,1902379940479132062
,AI Agents game changer crypto research Crypto move fast Narratives shift token pump time,1902379940466589780
,RAIO 1903 Diego Hypolito Reprodu Gshow Di mostrou raio quanto esta feliz pela volta da @danyhypo,1902379940349198585
,Comisia de la Venetia spune una ai nostri tin pe lor Asa ca cazul sa cerem sa se faca publice toate dovezile ir,1902379940303053053
,AI,1902379940269715926
,@felizsozinh0 @Jannuzzi18bfr ate gabriel tem uma exig ncia voc ai,1902379940164534429
,Ready level GWAY Mint GWAY Brain NFT unlock 5000 bonus point boost presence leaderb,1902379940126876075
,Crypto Capital Dao Roboc Ai #Giveaway Prize Pool 300 USDT Giveaway Enter Follow @Robocai Compl,1902379940101943351
,AI Agents Tools Titans simple script autonomous innovator Modern #AIAgents evolve every task ch,1902379939954921670
,Num reclamaria se ficasse falando gosta disso daquilo problema quando eu parar de falar tem um grande problema rolando,1902379939703234768
,Big news launched Hugging Face Space make bitsandbytes quantization easier ever complex setup,1902379939661328815
